<!--
 Licensed to the Apache Software Foundation (ASF) under one
 or more contributor license agreements.  See the NOTICE file
 distributed with this work for additional information
 regarding copyright ownership.  The ASF licenses this file
 to you under the Apache License, Version 2.0 (the
 "License"); you may not use this file except in compliance
 with the License.  You may obtain a copy of the License at

   http://www.apache.org/licenses/LICENSE-2.0

 Unless required by applicable law or agreed to in writing,
 software distributed under the License is distributed on an
 "AS IS" BASIS, WITHOUT WARRANTIES OR CONDITIONS OF ANY
 KIND, either express or implied.  See the License for the
 specific language governing permissions and limitations
 under the License.
-->

<!--
In order to disable debug.log, comment-out the ASYNCDEBUGLOG
appender reference in the root level section below.
-->

<configuration scan="true">
  <jmxConfigurator />

  <!-- SYSTEMLOG rolling file appender to system.log (INFO level) -->

  <appender name="SYSTEMLOG" class="ch.qos.logback.core.rolling.RollingFileAppender">
    <filter class="ch.qos.logback.classic.filter.ThresholdFilter">
      <level>INFO</level>
    </filter>
    <file>${cassandra.logdir}/system.log</file>
    <rollingPolicy class="ch.qos.logback.core.rolling.FixedWindowRollingPolicy">
      <fileNamePattern>${cassandra.logdir}/system.log.%i.zip</fileNamePattern>
      <minIndex>1</minIndex>
      <maxIndex>20</maxIndex>
    </rollingPolicy>
    <triggeringPolicy class="ch.qos.logback.core.rolling.SizeBasedTriggeringPolicy">
      <maxFileSize>20MB</maxFileSize>
    </triggeringPolicy>
    <encoder>
      <pattern>%-5level [%thread] %date{ISO8601} %X{service} %F:%L - %msg%n</pattern>
      <!-- old-style log format
      <pattern>%5level [%thread] %date{ISO8601} %F (line %L) %msg%n</pattern>
      -->
    </encoder>
  </appender>

  <!-- DEBUGLOG rolling file appender to debug.log (all levels) -->

  <appender name="DEBUGLOG" class="ch.qos.logback.core.rolling.RollingFileAppender">
    <file>${cassandra.logdir}/debug.log</file>
    <rollingPolicy class="ch.qos.logback.core.rolling.FixedWindowRollingPolicy">
      <fileNamePattern>${cassandra.logdir}/debug.log.%i.zip</fileNamePattern>
      <minIndex>1</minIndex>
      <maxIndex>20</maxIndex>
    </rollingPolicy>
    <triggeringPolicy class="ch.qos.logback.core.rolling.SizeBasedTriggeringPolicy">
      <maxFileSize>20MB</maxFileSize>
    </triggeringPolicy>
    <encoder>
      <pattern>%-5level [%thread] %date{ISO8601} %X{service} %F:%L - %msg%n</pattern>
    </encoder>
  </appender>

  <!-- ASYNCLOG assynchronous appender to debug.log (all levels) -->

  <appender name="ASYNCDEBUGLOG" class="ch.qos.logback.classic.AsyncAppender">
    <queueSize>1024</queueSize>
    <discardingThreshold>0</discardingThreshold>
    <includeCallerData>true</includeCallerData>
    <appender-ref ref="DEBUGLOG" />
  </appender>

  <!-- STDOUT console appender to stdout (INFO level) -->

  <if condition='isDefined("dse.console.useColors")'>
    <then>
      <appender name="STDOUT" class="ch.qos.logback.core.ConsoleAppender">
        <withJansi>true</withJansi>
        <filter class="ch.qos.logback.classic.filter.ThresholdFilter">
          <level>INFO</level>
        </filter>
        <encoder>
          <pattern>%highlight(%-5level) [%thread] %green(%date{ISO8601}) %yellow(%X{service}) %F:%L - %msg%n</pattern>
        </encoder>
      </appender>
    </then>
  </if>
  <if condition='isNull("dse.console.useColors")'>
    <then>
      <appender name="STDOUT" class="ch.qos.logback.core.ConsoleAppender">
        <filter class="ch.qos.logback.classic.filter.ThresholdFilter">
          <level>INFO</level>
        </filter>
        <encoder>
          <pattern>%-5level [%thread] %date{ISO8601} %X{service} %F:%L - %msg%n</pattern>
        </encoder>
      </appender>
    </then>
  </if>

  <include file="${SPARK_SERVER_LOGBACK_CONF_FILE}"/>
  <include file="${GREMLIN_SERVER_LOGBACK_CONF_FILE}"/>

  <!-- Uncomment the LogbackMetrics appender bellow and the corresponding appender-ref in the root to activate logback metrics
  <appender name="LogbackMetrics" class="com.codahale.metrics.logback.InstrumentedAppender" />
   -->

  <root level="${logback.root.level:-INFO}">
    <appender-ref ref="SYSTEMLOG" />
    <appender-ref ref="STDOUT" />
    <appender-ref ref="ASYNCDEBUGLOG" /> <!-- Comment out this line to disable debug.log -->
    <!--
    <appender-ref ref="LogbackMetrics" />
    -->
    <appender-ref ref="SparkMasterFileAppender" />
    <appender-ref ref="SparkWorkerFileAppender" />
    <appender-ref ref="GremlinServerFileAppender" />
  </root>

  <!--audit log-->
  <appender name="SLF4JAuditWriterAppender" class="ch.qos.logback.core.rolling.RollingFileAppender">
    <file>${cassandra.logdir}/audit/audit.log</file>
    <encoder>
      <pattern>%-5level [%thread] %date{ISO8601} %X{service} %F:%L - %msg%n</pattern>
      <immediateFlush>true</immediateFlush>
    </encoder>
    <rollingPolicy class="ch.qos.logback.core.rolling.FixedWindowRollingPolicy">
      <fileNamePattern>${cassandra.logdir}/audit/audit.log.%i.zip</fileNamePattern>
      <minIndex>1</minIndex>
      <maxIndex>5</maxIndex>
    </rollingPolicy>
    <triggeringPolicy class="ch.qos.logback.core.rolling.SizeBasedTriggeringPolicy">
      <maxFileSize>200MB</maxFileSize>
    </triggeringPolicy>
  </appender>

  <logger name="SLF4JAuditWriter" level="INFO" additivity="false">
    <appender-ref ref="SLF4JAuditWriterAppender"/>
  </logger>

  <!--When running the CassandraAuditWriter asynchronously, it's possible that a failure will-->
  <!--prevent audit events from being logged. When that happens, the events are logged to this file.-->
  <appender name="DroppedAuditEventAppender" class="ch.qos.logback.core.rolling.RollingFileAppender" prudent="true">
    <file>${cassandra.logdir}/audit/dropped-events.log</file>
    <encoder>
      <pattern>%-5level [%thread] %date{ISO8601} %X{service} %F:%L - %msg%n</pattern>
      <immediateFlush>true</immediateFlush>
    </encoder>
    <rollingPolicy class="ch.qos.logback.core.rolling.FixedWindowRollingPolicy">
      <fileNamePattern>${cassandra.logdir}/audit/dropped-events.log.%i.zip</fileNamePattern>
      <minIndex>1</minIndex>
      <maxIndex>5</maxIndex>
    </rollingPolicy>
    <triggeringPolicy class="ch.qos.logback.core.rolling.SizeBasedTriggeringPolicy">
      <maxFileSize>200MB</maxFileSize>
    </triggeringPolicy>
  </appender>

  <logger name="DroppedAuditEventLogger" level="INFO" additivity="false">
    <appender-ref ref="DroppedAuditEventAppender"/>
  </logger>

  <logger name="org.apache.cassandra" level="DEBUG"/>
  <logger name="com.datastax.bdp.db" level="DEBUG"/>
  <logger name="com.datastax.driver.core.NettyUtil" level="ERROR"/>
  
  <!--Enable for debugging of Lease problems (output will appear in debug.log) -->
  <!--<logger name="com.datastax.bdp.leasemanager" level="TRACE"/> -->

  <!--Enable for maximal chatter for debugging of Solr problems-->
  <!--<logger name="org.apache.solr" level="INFO"/>-->

  <!--Enable for maximal quiet, no chatter from Solr other than warnings, errors, and exceptions-->
  <!--<logger name="org.apache.solr" level="WARN"/>-->

  <!--Enable for moderate quiet, with moderate noise at Solr core load and one line per document added and on commit-->
  <!--<logger name="org.apache.solr.core.SolrCore" level="WARN"/>-->
  <!--<logger name="org.apache.solr.update.processor.LogUpdateProcessorFactory" level="WARN"/>-->
  <!--<logger name="org.apache.solr.search.SolrIndexSearcher" level="WARN"/>-->

  <!--For detailed timing information on Lucene flushing and merging-->
  <logger name="com.datastax.bdp.search.solr.metrics.SolrMetricsEventListener" level="DEBUG"/>
  <!--For detailed information on Lucene encryption -->
  <!--<logger name="org.apache.lucene.store.crypto" level="TRACE"/>-->
  <!--For detailed information on Lucene RAM buffer allocations -->
  <!--<logger name="com.datastax.bdp.search.solr.RamBufferAllocationsTracker" level="TRACE"/>-->

  <logger name="org.apache.solr.core.CassandraSolrConfig" level="WARN"/>
  <logger name="org.apache.solr.core.SolrCore" level="WARN"/>
  <logger name="org.apache.solr.core.RequestHandlers" level="WARN"/>
  <logger name="org.apache.solr.handler.component" level="WARN"/>
  <logger name="org.apache.solr.search.SolrIndexSearcher" level="WARN"/>
  <logger name="org.apache.solr.update" level="WARN"/>
  <logger name="org.apache.lucene.index" level="INFO"/>
  <logger name="com.cryptsoft" level="OFF"/>
  <logger name="org.apache.spark.rpc" level="ERROR"/>
  
  <logger name="com.datastax.bdp.util.process.ServiceRunner" level="DEBUG"/>
  <logger name="com.datastax.bdp.util.process.InternalServiceRunner" level="DEBUG"/>
  
</configuration>
