<!--
  ~ Copyright DataStax, Inc.
  ~
  ~ Please see the included license file for details.
  -->

<configuration scan="true">

    <if condition='isDefined("dse.console.useColors")'>
        <then>
            <appender name="STDERR" class="ch.qos.logback.core.ConsoleAppender">
                <withJansi>true</withJansi>
                <target>System.err</target>
                <encoder>
                    <pattern>%highlight(%-5level) %green(%date{ISO8601}) %c: %msg%n</pattern>
                </encoder>
            </appender>
        </then>
    </if>
    <if condition='isNull("dse.console.useColors")'>
        <then>
            <appender name="STDERR" class="ch.qos.logback.core.ConsoleAppender">
                <target>System.err</target>
                <encoder>
                    <pattern>%-5level %date{ISO8601} %c: %msg%n</pattern>
                </encoder>
            </appender>
        </then>
    </if>

    <root level="WARN">
        <appender-ref ref="STDERR" />
    </root>

    <logger name="org.eclipse.jetty" level="ERROR"/>
    <logger name="com.datastax.driver.core.CodecRegistry" level="ERROR"/>
    <logger name="org.apache.hadoop.hive.metastore.ObjectStore" level="ERROR"/>
    <logger name="org.apache.hadoop.hive.metastore.RetryingHMSHandler" level="OFF"/>
    <logger name="org.apache.hadoop.util.NativeCodeLoader" level="ERROR"/>
</configuration>
