<?xml version="1.0" encoding="UTF-8"?>
<!--
  ~ Copyright DataStax, Inc.
  ~
  ~ Please see the included license file for details.
  -->

<configuration>

    <appender name="FILE" class="ch.qos.logback.core.FileAppender">
        <file>${user.home}/.dse/dsefs-shell.log</file>
        <encoder class="ch.qos.logback.classic.encoder.PatternLayoutEncoder">
            <pattern>
                %d{yyyy-MM-dd HH:mm:ss} [%thread] %-5level %logger{36} - %msg%n
            </pattern>
        </encoder>
    </appender>

    <root level="INFO">
        <appender-ref ref="FILE" />
    </root>

</configuration>
